varName,varVal
iteration,4.0
incentive,36.82985933809145
r,1.0
z_r,3.0
z_d,3.0
demand,15.05851901890345
demand_avg,25.944189178497453
demand_std,3.6285567198646675
X[1],1.0
X[2],1.0
X[3],0.0
X[4],0.0
X[5],1.0
X[6],0.0
X[7],0.0
X[8],1.0
X[9],1.0
X[10],1.0
X[11],1.0
X[12],0.0
X[13],1.0
X[14],1.0
X[15],0.0
X[16],0.0
X[17],0.0
X[18],1.0
X[19],1.0
X[20],1.0
X[21],1.0
X[22],1.0
X[23],0.0
X[24],1.0
X[25],0.0
X[26],0.0
X[27],1.0
X[28],0.0
X[29],1.0
X[30],1.0
